email_freq,schurn,rev_sub,rev_unsub
emails_1,0.00565088562404814,0.289980514909237,0.126438053097345
emails_2,0.0075506689019762,0.341245654692932,0.12158940397351
emails_3,0.0234559834113898,0.353757488095848,0.154120469083156
emails_4,0.0404350054867858,0.355156899269236,0.138084184463015
emails_5,0.063029869814601,0.3587841191067,0.131037286790956
